"Date	AQS_SITE_ID	POC	Daily Mean PM2.5 Concentration	UNITS	DAILY_AQI_VALUE	DAILY_OBS_COUNT	PERCENT_COMPLETE	AQS_PARAMETER_CODE	AQS_PARAMETER_DESC	CBSA_CODE	CBSA_NAME	STATE_CODE	STATE	COUNTY_CODE	COUNTY	SITE_LATITUDE	SITE_LONGITUDE	MAX_TEMP	AVG_TEMP	MIN_TEMP",
"1/1/2017	60371103	1	12.2	ug/m3 LC	51	1	100	88101	PM2.5 - Local Conditions	31080	""Los Angeles-Long Beach-Anaheim"," CA""	6	California	37	Los Angeles	34.06659	-118.22688	60	52	44"
"1/2/2017	60371103	1	7.4	ug/m3 LC	31	1	100	88101	PM2.5 - Local Conditions	31080	""Los Angeles-Long Beach-Anaheim"," CA""	6	California	37	Los Angeles	34.06659	-118.22688	57	54	51"
"1/3/2017	60371103	1	11.4	ug/m3 LC	48	1	100	88101	PM2.5 - Local Conditions	31080	""Los Angeles-Long Beach-Anaheim"," CA""	6	California	37	Los Angeles	34.06659	-118.22688	60	54	48"
"1/4/2017	60371103	1	13.9	ug/m3 LC	55	1	100	88101	PM2.5 - Local Conditions	31080	""Los Angeles-Long Beach-Anaheim"," CA""	6	California	37	Los Angeles	34.06659	-118.22688	63	54	46"
"1/5/2017	60371103	1	5.1	ug/m3 LC	21	1	100	88101	PM2.5 - Local Conditions	31080	""Los Angeles-Long Beach-Anaheim"," CA""	6	California	37	Los Angeles	34.06659	-118.22688	64	60	54"
"1/6/2017	60371103	1	8.1	ug/m3 LC	34	1	100	88101	PM2.5 - Local Conditions	31080	""Los Angeles-Long Beach-Anaheim"," CA""	6	California	37	Los Angeles	34.06659	-118.22688	64	58	51"
"1/7/2017	60371103	1	8.4	ug/m3 LC	35	1	100	88101	PM2.5 - Local Conditions	31080	""Los Angeles-Long Beach-Anaheim"," CA""	6	California	37	Los Angeles	34.06659	-118.22688	70	61	51"
"1/8/2017	60371103	1	7.3	ug/m3 LC	30	1	100	88101	PM2.5 - Local Conditions	31080	""Los Angeles-Long Beach-Anaheim"," CA""	6	California	37	Los Angeles	34.06659	-118.22688	79	66	53"
"1/9/2017	60371103	1	7.7	ug/m3 LC	32	1	100	88101	PM2.5 - Local Conditions	31080	""Los Angeles-Long Beach-Anaheim"," CA""	6	California	37	Los Angeles	34.06659	-118.22688	64	60	55"
"1/10/2017	60371103	1	6.7	ug/m3 LC	28	1	100	88101	PM2.5 - Local Conditions	31080	""Los Angeles-Long Beach-Anaheim"," CA""	6	California	37	Los Angeles	34.06659	-118.22688	61	56	51"
"1/11/2017	60371103	1	12.9	ug/m3 LC	53	1	100	88101	PM2.5 - Local Conditions	31080	""Los Angeles-Long Beach-Anaheim"," CA""	6	California	37	Los Angeles	34.06659	-118.22688	66	61	55"
"1/12/2017	60371103	1	5.7	ug/m3 LC	24	1	100	88101	PM2.5 - Local Conditions	31080	""Los Angeles-Long Beach-Anaheim"," CA""	6	California	37	Los Angeles	34.06659	-118.22688	58	56	53"
"1/13/2017	60371103	1	9.9	ug/m3 LC	41	1	100	88101	PM2.5 - Local Conditions	31080	""Los Angeles-Long Beach-Anaheim"," CA""	6	California	37	Los Angeles	34.06659	-118.22688	62	56	49"
"1/14/2017	60371103	1	15.4	ug/m3 LC	58	1	100	88101	PM2.5 - Local Conditions	31080	""Los Angeles-Long Beach-Anaheim"," CA""	6	California	37	Los Angeles	34.06659	-118.22688	72	60	47"
"1/15/2017	60371103	1	10.1	ug/m3 LC	42	1	100	88101	PM2.5 - Local Conditions	31080	""Los Angeles-Long Beach-Anaheim"," CA""	6	California	37	Los Angeles	34.06659	-118.22688	66	60	53"
"1/16/2017	60371103	1	13.4	ug/m3 LC	54	1	100	88101	PM2.5 - Local Conditions	31080	""Los Angeles-Long Beach-Anaheim"," CA""	6	California	37	Los Angeles	34.06659	-118.22688	66	59	52"
"1/18/2017	60371103	1	13.7	ug/m3 LC	54	1	100	88101	PM2.5 - Local Conditions	31080	""Los Angeles-Long Beach-Anaheim"," CA""	6	California	37	Los Angeles	34.06659	-118.22688	62	55	47"
"1/19/2017	60371103	1	6.8	ug/m3 LC	28	1	100	88101	PM2.5 - Local Conditions	31080	""Los Angeles-Long Beach-Anaheim"," CA""	6	California	37	Los Angeles	34.06659	-118.22688	64	58	52"
"1/20/2017	60371103	1	5.5	ug/m3 LC	23	1	100	88101	PM2.5 - Local Conditions	31080	""Los Angeles-Long Beach-Anaheim"," CA""	6	California	37	Los Angeles	34.06659	-118.22688	59	55	51"
"1/21/2017	60371103	1	5.5	ug/m3 LC	23	1	100	88101	PM2.5 - Local Conditions	31080	""Los Angeles-Long Beach-Anaheim"," CA""	6	California	37	Los Angeles	34.06659	-118.22688	63	55	46"
"1/22/2017	60371103	1	5.5	ug/m3 LC	23	1	100	88101	PM2.5 - Local Conditions	31080	""Los Angeles-Long Beach-Anaheim"," CA""	6	California	37	Los Angeles	34.06659	-118.22688	56	54	51"
"1/23/2017	60371103	1	4.1	ug/m3 LC	17	1	100	88101	PM2.5 - Local Conditions	31080	""Los Angeles-Long Beach-Anaheim"," CA""	6	California	37	Los Angeles	34.06659	-118.22688	58	51	44"
"1/24/2017	60371103	1	7.1	ug/m3 LC	30	1	100	88101	PM2.5 - Local Conditions	31080	""Los Angeles-Long Beach-Anaheim"," CA""	6	California	37	Los Angeles	34.06659	-118.22688	58	50	41"
"1/25/2017	60371103	1	10.8	ug/m3 LC	45	1	100	88101	PM2.5 - Local Conditions	31080	""Los Angeles-Long Beach-Anaheim"," CA""	6	California	37	Los Angeles	34.06659	-118.22688	61	51	41"
"1/26/2017	60371103	1	10.4	ug/m3 LC	43	1	100	88101	PM2.5 - Local Conditions	31080	""Los Angeles-Long Beach-Anaheim"," CA""	6	California	37	Los Angeles	34.06659	-118.22688	65	54	43"
"1/27/2017	60371103	1	8.6	ug/m3 LC	36	1	100	88101	PM2.5 - Local Conditions	31080	""Los Angeles-Long Beach-Anaheim"," CA""	6	California	37	Los Angeles	34.06659	-118.22688	64	54	44"
"1/28/2017	60371103	1	9.9	ug/m3 LC	41	1	100	88101	PM2.5 - Local Conditions	31080	""Los Angeles-Long Beach-Anaheim"," CA""	6	California	37	Los Angeles	34.06659	-118.22688	74	58	41"
"1/29/2017	60371103	1	9.7	ug/m3 LC	40	1	100	88101	PM2.5 - Local Conditions	31080	""Los Angeles-Long Beach-Anaheim"," CA""	6	California	37	Los Angeles	34.06659	-118.22688	80	64	47"
"1/30/2017	60371103	1	8.4	ug/m3 LC	35	1	100	88101	PM2.5 - Local Conditions	31080	""Los Angeles-Long Beach-Anaheim"," CA""	6	California	37	Los Angeles	34.06659	-118.22688	80	67	53"
"1/31/2017	60371103	1	12.7	ug/m3 LC	52	1	100	88101	PM2.5 - Local Conditions	31080	""Los Angeles-Long Beach-Anaheim"," CA""	6	California	37	Los Angeles	34.06659	-118.22688	77	64	50"
"2/1/2017	60371103	1	18.6	ug/m3 LC	65	1	100	88101	PM2.5 - Local Conditions	31080	""Los Angeles-Long Beach-Anaheim"," CA""	6	California	37	Los Angeles	34.06659	-118.22688	72	60	48"
"2/2/2017	60371103	1	16.5	ug/m3 LC	60	1	100	88101	PM2.5 - Local Conditions	31080	""Los Angeles-Long Beach-Anaheim"," CA""	6	California	37	Los Angeles	34.06659	-118.22688	68	61	53"
"2/3/2017	60371103	1	14.3	ug/m3 LC	56	1	100	88101	PM2.5 - Local Conditions	31080	""Los Angeles-Long Beach-Anaheim"," CA""	6	California	37	Los Angeles	34.06659	-118.22688	61	58	55"
"2/4/2017	60371103	1	8.5	ug/m3 LC	35	1	100	88101	PM2.5 - Local Conditions	31080	""Los Angeles-Long Beach-Anaheim"," CA""	6	California	37	Los Angeles	34.06659	-118.22688	66	61	55"
"2/5/2017	60371103	1	15.9	ug/m3 LC	59	1	100	88101	PM2.5 - Local Conditions	31080	""Los Angeles-Long Beach-Anaheim"," CA""	6	California	37	Los Angeles	34.06659	-118.22688	61	58	55"
"2/6/2017	60371103	1	4.7	ug/m3 LC	20	1	100	88101	PM2.5 - Local Conditions	31080	""Los Angeles-Long Beach-Anaheim"," CA""	6	California	37	Los Angeles	34.06659	-118.22688	61	58	54"
"2/7/2017	60371103	1	4.6	ug/m3 LC	19	1	100	88101	PM2.5 - Local Conditions	31080	""Los Angeles-Long Beach-Anaheim"," CA""	6	California	37	Los Angeles	34.06659	-118.22688	66	62	58"
"2/8/2017	60371103	1	5.3	ug/m3 LC	22	1	100	88101	PM2.5 - Local Conditions	31080	""Los Angeles-Long Beach-Anaheim"," CA""	6	California	37	Los Angeles	34.06659	-118.22688	73	66	59"
"2/9/2017	60371103	1	9.3	ug/m3 LC	39	1	100	88101	PM2.5 - Local Conditions	31080	""Los Angeles-Long Beach-Anaheim"," CA""	6	California	37	Los Angeles	34.06659	-118.22688	75	67	58"
"2/10/2017	60371103	1	15.1	ug/m3 LC	57	1	100	88101	PM2.5 - Local Conditions	31080	""Los Angeles-Long Beach-Anaheim"," CA""	6	California	37	Los Angeles	34.06659	-118.22688	65	62	58"
"2/11/2017	60371103	1	6.4	ug/m3 LC	27	1	100	88101	PM2.5 - Local Conditions	31080	""Los Angeles-Long Beach-Anaheim"," CA""	6	California	37	Los Angeles	34.06659	-118.22688	65	60	55"
"2/12/2017	60371103	1	9.9	ug/m3 LC	41	1	100	88101	PM2.5 - Local Conditions	31080	""Los Angeles-Long Beach-Anaheim"," CA""	6	California	37	Los Angeles	34.06659	-118.22688	75	63	50"
"2/14/2017	60371103	1	12.3	ug/m3 LC	51	1	100	88101	PM2.5 - Local Conditions	31080	""Los Angeles-Long Beach-Anaheim"," CA""	6	California	37	Los Angeles	34.06659	-118.22688	73	65	56"
"2/16/2017	60371103	1	15.4	ug/m3 LC	58	1	100	88101	PM2.5 - Local Conditions	31080	""Los Angeles-Long Beach-Anaheim"," CA""	6	California	37	Los Angeles	34.06659	-118.22688	68	60	51"
"2/17/2017	60371103	1	5.7	ug/m3 LC	24	1	100	88101	PM2.5 - Local Conditions	31080	""Los Angeles-Long Beach-Anaheim"," CA""	6	California	37	Los Angeles	34.06659	-118.22688	61	57	53"
"2/18/2017	60371103	1	4.4	ug/m3 LC	18	1	100	88101	PM2.5 - Local Conditions	31080	""Los Angeles-Long Beach-Anaheim"," CA""	6	California	37	Los Angeles	34.06659	-118.22688	63	58	53"
"2/19/2017	60371103	1	6.1	ug/m3 LC	25	1	100	88101	PM2.5 - Local Conditions	31080	""Los Angeles-Long Beach-Anaheim"," CA""	6	California	37	Los Angeles	34.06659	-118.22688	63	59	54"
"2/20/2017	60371103	1	7.8	ug/m3 LC	33	1	100	88101	PM2.5 - Local Conditions	31080	""Los Angeles-Long Beach-Anaheim"," CA""	6	California	37	Los Angeles	34.06659	-118.22688	64	59	54"
"2/21/2017	60371103	1	8.9	ug/m3 LC	37	1	100	88101	PM2.5 - Local Conditions	31080	""Los Angeles-Long Beach-Anaheim"," CA""	6	California	37	Los Angeles	34.06659	-118.22688	68	63	58"
"2/22/2017	60371103	1	4.8	ug/m3 LC	20	1	100	88101	PM2.5 - Local Conditions	31080	""Los Angeles-Long Beach-Anaheim"," CA""	6	California	37	Los Angeles	34.06659	-118.22688	66	59	51"
"2/23/2017	60371103	1	2.2	ug/m3 LC	9	1	100	88101	PM2.5 - Local Conditions	31080	""Los Angeles-Long Beach-Anaheim"," CA""	6	California	37	Los Angeles	34.06659	-118.22688	62	56	49"
"2/24/2017	60371103	1	6	ug/m3 LC	25	1	100	88101	PM2.5 - Local Conditions	31080	""Los Angeles-Long Beach-Anaheim"," CA""	6	California	37	Los Angeles	34.06659	-118.22688	64	54	44"
"2/25/2017	60371103	1	11	ug/m3 LC	46	1	100	88101	PM2.5 - Local Conditions	31080	""Los Angeles-Long Beach-Anaheim"," CA""	6	California	37	Los Angeles	34.06659	-118.22688	66	55	44"
"2/26/2017	60371103	1	4.2	ug/m3 LC	18	1	100	88101	PM2.5 - Local Conditions	31080	""Los Angeles-Long Beach-Anaheim"," CA""	6	California	37	Los Angeles	34.06659	-118.22688	58	54	49"
"2/27/2017	60371103	1	6	ug/m3 LC	25	1	100	88101	PM2.5 - Local Conditions	31080	""Los Angeles-Long Beach-Anaheim"," CA""	6	California	37	Los Angeles	34.06659	-118.22688	61	57	52"
"2/28/2017	60371103	1	5.8	ug/m3 LC	24	1	100	88101	PM2.5 - Local Conditions	31080	""Los Angeles-Long Beach-Anaheim"," CA""	6	California	37	Los Angeles	34.06659	-118.22688	66	57	47"
"3/1/2017	60371103	1	6	ug/m3 LC	25	1	100	88101	PM2.5 - Local Conditions	31080	""Los Angeles-Long Beach-Anaheim"," CA""	6	California	37	Los Angeles	34.06659	-118.22688	75	61	47"
"3/2/2017	60371103	1	6.3	ug/m3 LC	26	1	100	88101	PM2.5 - Local Conditions	31080	""Los Angeles-Long Beach-Anaheim"," CA""	6	California	37	Los Angeles	34.06659	-118.22688	79	64	48"
"3/3/2017	60371103	1	5.7	ug/m3 LC	24	1	100	88101	PM2.5 - Local Conditions	31080	""Los Angeles-Long Beach-Anaheim"," CA""	6	California	37	Los Angeles	34.06659	-118.22688	82	69	55"
"3/4/2017	60371103	1	9.7	ug/m3 LC	40	1	100	88101	PM2.5 - Local Conditions	31080	""Los Angeles-Long Beach-Anaheim"," CA""	6	California	37	Los Angeles	34.06659	-118.22688	71	62	53"
"3/5/2017	60371103	1	5.8	ug/m3 LC	24	1	100	88101	PM2.5 - Local Conditions	31080	""Los Angeles-Long Beach-Anaheim"," CA""	6	California	37	Los Angeles	34.06659	-118.22688	63	56	49"
"3/6/2017	60371103	1	5.2	ug/m3 LC	22	1	100	88101	PM2.5 - Local Conditions	31080	""Los Angeles-Long Beach-Anaheim"," CA""	6	California	37	Los Angeles	34.06659	-118.22688	67	57	46"
"3/7/2017	60371103	1	6.9	ug/m3 LC	29	1	100	88101	PM2.5 - Local Conditions	31080	""Los Angeles-Long Beach-Anaheim"," CA""	6	California	37	Los Angeles	34.06659	-118.22688	77	63	49"
"3/8/2017	60371103	1	8.1	ug/m3 LC	34	1	100	88101	PM2.5 - Local Conditions	31080	""Los Angeles-Long Beach-Anaheim"," CA""	6	California	37	Los Angeles	34.06659	-118.22688	85	70	54"
"3/9/2017	60371103	1	12.1	ug/m3 LC	51	1	100	88101	PM2.5 - Local Conditions	31080	""Los Angeles-Long Beach-Anaheim"," CA""	6	California	37	Los Angeles	34.06659	-118.22688	87	72	57"
"3/10/2017	60371103	1	11.7	ug/m3 LC	49	1	100	88101	PM2.5 - Local Conditions	31080	""Los Angeles-Long Beach-Anaheim"," CA""	6	California	37	Los Angeles	34.06659	-118.22688	81	69	56"
"3/11/2017	60371103	1	14.1	ug/m3 LC	55	1	100	88101	PM2.5 - Local Conditions	31080	""Los Angeles-Long Beach-Anaheim"," CA""	6	California	37	Los Angeles	34.06659	-118.22688	83	69	55"
"3/12/2017	60371103	1	21.5	ug/m3 LC	71	1	100	88101	PM2.5 - Local Conditions	31080	""Los Angeles-Long Beach-Anaheim"," CA""	6	California	37	Los Angeles	34.06659	-118.22688	84	69	53"
"3/13/2017	60371103	1	32.5	ug/m3 LC	94	1	100	88101	PM2.5 - Local Conditions	31080	""Los Angeles-Long Beach-Anaheim"," CA""	6	California	37	Los Angeles	34.06659	-118.22688	88	70	55"
"3/15/2017	60371103	1	14	ug/m3 LC	55	1	100	88101	PM2.5 - Local Conditions	31080	""Los Angeles-Long Beach-Anaheim"," CA""	6	California	37	Los Angeles	34.06659	-118.22688	85	71	57"
"3/16/2017	60371103	1	17.8	ug/m3 LC	63	1	100	88101	PM2.5 - Local Conditions	31080	""Los Angeles-Long Beach-Anaheim"," CA""	6	California	37	Los Angeles	34.06659	-118.22688	79	69	58"
"3/17/2017	60371103	1	23.5	ug/m3 LC	75	1	100	88101	PM2.5 - Local Conditions	31080	""Los Angeles-Long Beach-Anaheim"," CA""	6	California	37	Los Angeles	34.06659	-118.22688	78	66	53"
"3/18/2017	60371103	1	27.8	ug/m3 LC	84	1	100	88101	PM2.5 - Local Conditions	31080	""Los Angeles-Long Beach-Anaheim"," CA""	6	California	37	Los Angeles	34.06659	-118.22688	75	66	57"
"3/19/2017	60371103	1	19	ug/m3 LC	66	1	100	88101	PM2.5 - Local Conditions	31080	""Los Angeles-Long Beach-Anaheim"," CA""	6	California	37	Los Angeles	34.06659	-118.22688	77	67	56"
"3/20/2017	60371103	1	5.7	ug/m3 LC	24	1	100	88101	PM2.5 - Local Conditions	31080	""Los Angeles-Long Beach-Anaheim"," CA""	6	California	37	Los Angeles	34.06659	-118.22688	71	65	59"
"3/22/2017	60371103	1	4	ug/m3 LC	17	1	100	88101	PM2.5 - Local Conditions	31080	""Los Angeles-Long Beach-Anaheim"," CA""	6	California	37	Los Angeles	34.06659	-118.22688	69	62	55"
"3/23/2017	60371103	1	4.8	ug/m3 LC	20	1	100	88101	PM2.5 - Local Conditions	31080	""Los Angeles-Long Beach-Anaheim"," CA""	6	California	37	Los Angeles	34.06659	-118.22688	70	62	54"
"3/24/2017	60371103	1	8.5	ug/m3 LC	35	1	100	88101	PM2.5 - Local Conditions	31080	""Los Angeles-Long Beach-Anaheim"," CA""	6	California	37	Los Angeles	34.06659	-118.22688	72	63	53"
"3/25/2017	60371103	1	7.2	ug/m3 LC	30	1	100	88101	PM2.5 - Local Conditions	31080	""Los Angeles-Long Beach-Anaheim"," CA""	6	California	37	Los Angeles	34.06659	-118.22688	70	62	54"
"3/26/2017	60371103	1	8.3	ug/m3 LC	35	1	100	88101	PM2.5 - Local Conditions	31080	""Los Angeles-Long Beach-Anaheim"," CA""	6	California	37	Los Angeles	34.06659	-118.22688	71	64	57"
"3/27/2017	60371103	1	6.7	ug/m3 LC	28	1	100	88101	PM2.5 - Local Conditions	31080	""Los Angeles-Long Beach-Anaheim"," CA""	6	California	37	Los Angeles	34.06659	-118.22688	74	65	55"
"3/28/2017	60371103	1	8.3	ug/m3 LC	35	1	100	88101	PM2.5 - Local Conditions	31080	""Los Angeles-Long Beach-Anaheim"," CA""	6	California	37	Los Angeles	34.06659	-118.22688	79	68	57"
"3/29/2017	60371103	1	9.3	ug/m3 LC	39	1	100	88101	PM2.5 - Local Conditions	31080	""Los Angeles-Long Beach-Anaheim"," CA""	6	California	37	Los Angeles	34.06659	-118.22688	83	70	56"
"3/30/2017	60371103	1	10.8	ug/m3 LC	45	1	100	88101	PM2.5 - Local Conditions	31080	""Los Angeles-Long Beach-Anaheim"," CA""	6	California	37	Los Angeles	34.06659	-118.22688	75	67	58"
"3/31/2017	60371103	1	8.4	ug/m3 LC	35	1	100	88101	PM2.5 - Local Conditions	31080	""Los Angeles-Long Beach-Anaheim"," CA""	6	California	37	Los Angeles	34.06659	-118.22688	76	67	58"
"4/1/2017	60371103	1	12.1	ug/m3 LC	51	1	100	88101	PM2.5 - Local Conditions	31080	""Los Angeles-Long Beach-Anaheim"," CA""	6	California	37	Los Angeles	34.06659	-118.22688	74	64	53"
"4/2/2017	60371103	1	13.8	ug/m3 LC	55	1	100	88101	PM2.5 - Local Conditions	31080	""Los Angeles-Long Beach-Anaheim"," CA""	6	California	37	Los Angeles	34.06659	-118.22688	79	68	56"
"4/3/2017	60371103	1	12.7	ug/m3 LC	52	1	100	88101	PM2.5 - Local Conditions	31080	""Los Angeles-Long Beach-Anaheim"," CA""	6	California	37	Los Angeles	34.06659	-118.22688	69	63	56"
"4/5/2017	60371103	1	14.7	ug/m3 LC	56	1	100	88101	PM2.5 - Local Conditions	31080	""Los Angeles-Long Beach-Anaheim"," CA""	6	California	37	Los Angeles	34.06659	-118.22688	86	72	57"
"4/6/2017	60371103	1	16.2	ug/m3 LC	60	1	100	88101	PM2.5 - Local Conditions	31080	""Los Angeles-Long Beach-Anaheim"," CA""	6	California	37	Los Angeles	34.06659	-118.22688	79	68	57"
"4/7/2017	60371103	1	8.2	ug/m3 LC	34	1	100	88101	PM2.5 - Local Conditions	31080	""Los Angeles-Long Beach-Anaheim"," CA""	6	California	37	Los Angeles	34.06659	-118.22688	72	65	57"
"4/8/2017	60371103	1	5.9	ug/m3 LC	25	1	100	88101	PM2.5 - Local Conditions	31080	""Los Angeles-Long Beach-Anaheim"," CA""	6	California	37	Los Angeles	34.06659	-118.22688	69	63	56"
"4/9/2017	60371103	1	7.3	ug/m3 LC	30	1	100	88101	PM2.5 - Local Conditions	31080	""Los Angeles-Long Beach-Anaheim"," CA""	6	California	37	Los Angeles	34.06659	-118.22688	72	62	52"
"4/10/2017	60371103	1	9.2	ug/m3 LC	38	1	100	88101	PM2.5 - Local Conditions	31080	""Los Angeles-Long Beach-Anaheim"," CA""	6	California	37	Los Angeles	34.06659	-118.22688	79	67	54"
"4/11/2017	60371103	1	11.1	ug/m3 LC	46	1	100	88101	PM2.5 - Local Conditions	31080	""Los Angeles-Long Beach-Anaheim"," CA""	6	California	37	Los Angeles	34.06659	-118.22688	77	66	54"
"4/12/2017	60371103	1	8.5	ug/m3 LC	35	1	100	88101	PM2.5 - Local Conditions	31080	""Los Angeles-Long Beach-Anaheim"," CA""	6	California	37	Los Angeles	34.06659	-118.22688	75	66	56"
"4/13/2017	60371103	1	4.6	ug/m3 LC	19	1	100	88101	PM2.5 - Local Conditions	31080	""Los Angeles-Long Beach-Anaheim"," CA""	6	California	37	Los Angeles	34.06659	-118.22688	71	64	56"
"4/14/2017	60371103	1	7.9	ug/m3 LC	33	1	100	88101	PM2.5 - Local Conditions	31080	""Los Angeles-Long Beach-Anaheim"," CA""	6	California	37	Los Angeles	34.06659	-118.22688	70	62	54"
"4/15/2017	60371103	1	9.5	ug/m3 LC	40	1	100	88101	PM2.5 - Local Conditions	31080	""Los Angeles-Long Beach-Anaheim"," CA""	6	California	37	Los Angeles	34.06659	-118.22688	76	65	53"
"4/16/2017	60371103	1	9.3	ug/m3 LC	39	1	100	88101	PM2.5 - Local Conditions	31080	""Los Angeles-Long Beach-Anaheim"," CA""	6	California	37	Los Angeles	34.06659	-118.22688	77	66	55"
"4/17/2017	60371103	1	5.5	ug/m3 LC	23	1	100	88101	PM2.5 - Local Conditions	31080	""Los Angeles-Long Beach-Anaheim"," CA""	6	California	37	Los Angeles	34.06659	-118.22688	75	66	56"
"4/18/2017	60371103	1	3.6	ug/m3 LC	15	1	100	88101	PM2.5 - Local Conditions	31080	""Los Angeles-Long Beach-Anaheim"," CA""	6	California	37	Los Angeles	34.06659	-118.22688	77	69	60"
"4/19/2017	60371103	1	5.8	ug/m3 LC	24	1	100	88101	PM2.5 - Local Conditions	31080	""Los Angeles-Long Beach-Anaheim"," CA""	6	California	37	Los Angeles	34.06659	-118.22688	76	69	61"
"4/20/2017	60371103	1	11.9	ug/m3 LC	50	1	100	88101	PM2.5 - Local Conditions	31080	""Los Angeles-Long Beach-Anaheim"," CA""	6	California	37	Los Angeles	34.06659	-118.22688	79	69	59"
"4/21/2017	60371103	1	13.8	ug/m3 LC	55	1	100	88101	PM2.5 - Local Conditions	31080	""Los Angeles-Long Beach-Anaheim"," CA""	6	California	37	Los Angeles	34.06659	-118.22688	90	75	60"
"4/22/2017	60371103	1	12.9	ug/m3 LC	53	1	100	88101	PM2.5 - Local Conditions	31080	""Los Angeles-Long Beach-Anaheim"," CA""	6	California	37	Los Angeles	34.06659	-118.22688	90	77	63"
"4/23/2017	60371103	1	10.8	ug/m3 LC	45	1	100	88101	PM2.5 - Local Conditions	31080	""Los Angeles-Long Beach-Anaheim"," CA""	6	California	37	Los Angeles	34.06659	-118.22688	81	71	60"
"4/24/2017	60371103	1	13.3	ug/m3 LC	54	1	100	88101	PM2.5 - Local Conditions	31080	""Los Angeles-Long Beach-Anaheim"," CA""	6	California	37	Los Angeles	34.06659	-118.22688	73	66	59"
"4/25/2017	60371103	1	7.2	ug/m3 LC	30	1	100	88101	PM2.5 - Local Conditions	31080	""Los Angeles-Long Beach-Anaheim"," CA""	6	California	37	Los Angeles	34.06659	-118.22688	77	69	60"
"4/26/2017	60371103	1	11.2	ug/m3 LC	47	1	100	88101	PM2.5 - Local Conditions	31080	""Los Angeles-Long Beach-Anaheim"," CA""	6	California	37	Los Angeles	34.06659	-118.22688	78	70	61"
"4/27/2017	60371103	1	7.2	ug/m3 LC	30	1	100	88101	PM2.5 - Local Conditions	31080	""Los Angeles-Long Beach-Anaheim"," CA""	6	California	37	Los Angeles	34.06659	-118.22688	85	73	60"
"4/28/2017	60371103	1	5.3	ug/m3 LC	22	1	100	88101	PM2.5 - Local Conditions	31080	""Los Angeles-Long Beach-Anaheim"," CA""	6	California	37	Los Angeles	34.06659	-118.22688	85	77	69"
"4/29/2017	60371103	1	7	ug/m3 LC	29	1	100	88101	PM2.5 - Local Conditions	31080	""Los Angeles-Long Beach-Anaheim"," CA""	6	California	37	Los Angeles	34.06659	-118.22688	83	73	63"
"4/30/2017	60371103	1	9.7	ug/m3 LC	40	1	100	88101	PM2.5 - Local Conditions	31080	""Los Angeles-Long Beach-Anaheim"," CA""	6	California	37	Los Angeles	34.06659	-118.22688	87	73	59"
"5/1/2017	60371103	1	12.7	ug/m3 LC	52	1	100	88101	PM2.5 - Local Conditions	31080	""Los Angeles-Long Beach-Anaheim"," CA""	6	California	37	Los Angeles	34.06659	-118.22688	85	73	60"
"5/2/2017	60371103	1	12.7	ug/m3 LC	52	1	100	88101	PM2.5 - Local Conditions	31080	""Los Angeles-Long Beach-Anaheim"," CA""	6	California	37	Los Angeles	34.06659	-118.22688	87	75	62"
"5/3/2017	60371103	1	12.5	ug/m3 LC	52	1	100	88101	PM2.5 - Local Conditions	31080	""Los Angeles-Long Beach-Anaheim"," CA""	6	California	37	Los Angeles	34.06659	-118.22688	82	73	63"
"5/4/2017	60371103	1	12.1	ug/m3 LC	51	1	100	88101	PM2.5 - Local Conditions	31080	""Los Angeles-Long Beach-Anaheim"," CA""	6	California	37	Los Angeles	34.06659	-118.22688	80	71	61"
"5/5/2017	60371103	1	18.1	ug/m3 LC	64	1	100	88101	PM2.5 - Local Conditions	31080	""Los Angeles-Long Beach-Anaheim"," CA""	6	California	37	Los Angeles	34.06659	-118.22688	72	66	59"
"5/6/2017	60371103	1	6.3	ug/m3 LC	26	1	100	88101	PM2.5 - Local Conditions	31080	""Los Angeles-Long Beach-Anaheim"," CA""	6	California	37	Los Angeles	34.06659	-118.22688	66	59	52"
"5/7/2017	60371103	1	4.9	ug/m3 LC	20	1	100	88101	PM2.5 - Local Conditions	31080	""Los Angeles-Long Beach-Anaheim"," CA""	6	California	37	Los Angeles	34.06659	-118.22688	66	59	51"
"5/8/2017	60371103	1	11.3	ug/m3 LC	47	1	100	88101	PM2.5 - Local Conditions	31080	""Los Angeles-Long Beach-Anaheim"," CA""	6	California	37	Los Angeles	34.06659	-118.22688	71	61	51"
"5/9/2017	60371103	1	10.9	ug/m3 LC	45	1	100	88101	PM2.5 - Local Conditions	31080	""Los Angeles-Long Beach-Anaheim"," CA""	6	California	37	Los Angeles	34.06659	-118.22688	71	64	56"
"5/10/2017	60371103	1	7.4	ug/m3 LC	31	1	100	88101	PM2.5 - Local Conditions	31080	""Los Angeles-Long Beach-Anaheim"," CA""	6	California	37	Los Angeles	34.06659	-118.22688	69	65	61"
"5/11/2017	60371103	1	8.6	ug/m3 LC	36	1	100	88101	PM2.5 - Local Conditions	31080	""Los Angeles-Long Beach-Anaheim"," CA""	6	California	37	Los Angeles	34.06659	-118.22688	71	65	58"
"5/12/2017	60371103	1	14.1	ug/m3 LC	55	1	100	88101	PM2.5 - Local Conditions	31080	""Los Angeles-Long Beach-Anaheim"," CA""	6	California	37	Los Angeles	34.06659	-118.22688	75	67	59"
"5/13/2017	60371103	1	9	ug/m3 LC	38	1	100	88101	PM2.5 - Local Conditions	31080	""Los Angeles-Long Beach-Anaheim"," CA""	6	California	37	Los Angeles	34.06659	-118.22688	75	66	57"
"5/14/2017	60371103	1	12	ug/m3 LC	50	1	100	88101	PM2.5 - Local Conditions	31080	""Los Angeles-Long Beach-Anaheim"," CA""	6	California	37	Los Angeles	34.06659	-118.22688	72	65	57"
"5/15/2017	60371103	1	8.2	ug/m3 LC	34	1	100	88101	PM2.5 - Local Conditions	31080	""Los Angeles-Long Beach-Anaheim"," CA""	6	California	37	Los Angeles	34.06659	-118.22688	67	62	57"
"5/16/2017	60371103	1	10	ug/m3 LC	42	1	100	88101	PM2.5 - Local Conditions	31080	""Los Angeles-Long Beach-Anaheim"," CA""	6	California	37	Los Angeles	34.06659	-118.22688	70	63	55"
"5/17/2017	60371103	1	8.8	ug/m3 LC	37	1	100	88101	PM2.5 - Local Conditions	31080	""Los Angeles-Long Beach-Anaheim"," CA""	6	California	37	Los Angeles	34.06659	-118.22688	70	64	58"
"5/18/2017	60371103	1	10.7	ug/m3 LC	45	1	100	88101	PM2.5 - Local Conditions	31080	""Los Angeles-Long Beach-Anaheim"," CA""	6	California	37	Los Angeles	34.06659	-118.22688	75	66	57"
"5/19/2017	60371103	1	11.2	ug/m3 LC	47	1	100	88101	PM2.5 - Local Conditions	31080	""Los Angeles-Long Beach-Anaheim"," CA""	6	California	37	Los Angeles	34.06659	-118.22688	88	74	60"
"5/20/2017	60371103	1	10.4	ug/m3 LC	43	1	100	88101	PM2.5 - Local Conditions	31080	""Los Angeles-Long Beach-Anaheim"," CA""	6	California	37	Los Angeles	34.06659	-118.22688	94	79	63"
"5/21/2017	60371103	1	11.6	ug/m3 LC	48	1	100	88101	PM2.5 - Local Conditions	31080	""Los Angeles-Long Beach-Anaheim"," CA""	6	California	37	Los Angeles	34.06659	-118.22688	87	75	63"
"5/22/2017	60371103	1	12.6	ug/m3 LC	52	1	100	88101	PM2.5 - Local Conditions	31080	""Los Angeles-Long Beach-Anaheim"," CA""	6	California	37	Los Angeles	34.06659	-118.22688	81	71	60"
"5/23/2017	60371103	1	11.4	ug/m3 LC	48	1	100	88101	PM2.5 - Local Conditions	31080	""Los Angeles-Long Beach-Anaheim"," CA""	6	California	37	Los Angeles	34.06659	-118.22688	82	71	59"
"5/24/2017	60371103	1	15.1	ug/m3 LC	57	1	100	88101	PM2.5 - Local Conditions	31080	""Los Angeles-Long Beach-Anaheim"," CA""	6	California	37	Los Angeles	34.06659	-118.22688	76	68	59"
"5/25/2017	60371103	1	5.1	ug/m3 LC	21	1	100	88101	PM2.5 - Local Conditions	31080	""Los Angeles-Long Beach-Anaheim"," CA""	6	California	37	Los Angeles	34.06659	-118.22688	68	65	61"
"5/26/2017	60371103	1	4.3	ug/m3 LC	18	1	100	88101	PM2.5 - Local Conditions	31080	""Los Angeles-Long Beach-Anaheim"," CA""	6	California	37	Los Angeles	34.06659	-118.22688	72	67	61"
"5/27/2017	60371103	1	5.6	ug/m3 LC	23	1	100	88101	PM2.5 - Local Conditions	31080	""Los Angeles-Long Beach-Anaheim"," CA""	6	California	37	Los Angeles	34.06659	-118.22688	72	65	58"
"5/28/2017	60371103	1	8.5	ug/m3 LC	35	1	100	88101	PM2.5 - Local Conditions	31080	""Los Angeles-Long Beach-Anaheim"," CA""	6	California	37	Los Angeles	34.06659	-118.22688	78	69	59"
"5/29/2017	60371103	1	12.7	ug/m3 LC	52	1	100	88101	PM2.5 - Local Conditions	31080	""Los Angeles-Long Beach-Anaheim"," CA""	6	California	37	Los Angeles	34.06659	-118.22688	68	63	60"
"5/30/2017	60371103	1	14.4	ug/m3 LC	56	1	100	88101	PM2.5 - Local Conditions	31080	""Los Angeles-Long Beach-Anaheim"," CA""	6	California	37	Los Angeles	34.06659	-118.22688	72	67	62"
"5/31/2017	60371103	1	15.5	ug/m3 LC	58	1	100	88101	PM2.5 - Local Conditions	31080	""Los Angeles-Long Beach-Anaheim"," CA""	6	California	37	Los Angeles	34.06659	-118.22688	69	66	62"
"6/1/2017	60371103	1	9.9	ug/m3 LC	41	1	100	88101	PM2.5 - Local Conditions	31080	""Los Angeles-Long Beach-Anaheim"," CA""	6	California	37	Los Angeles	34.06659	-118.22688	73	68	62"
"6/2/2017	60371103	1	14	ug/m3 LC	55	1	100	88101	PM2.5 - Local Conditions	31080	""Los Angeles-Long Beach-Anaheim"," CA""	6	California	37	Los Angeles	34.06659	-118.22688	77	70	62"
"6/3/2017	60371103	1	19	ug/m3 LC	66	1	100	88101	PM2.5 - Local Conditions	31080	""Los Angeles-Long Beach-Anaheim"," CA""	6	California	37	Los Angeles	34.06659	-118.22688	80	72	63"
"6/4/2017	60371103	1	20.8	ug/m3 LC	69	1	100	88101	PM2.5 - Local Conditions	31080	""Los Angeles-Long Beach-Anaheim"," CA""	6	California	37	Los Angeles	34.06659	-118.22688	75	69	63"
"6/5/2017	60371103	1	16.3	ug/m3 LC	60	1	100	88101	PM2.5 - Local Conditions	31080	""Los Angeles-Long Beach-Anaheim"," CA""	6	California	37	Los Angeles	34.06659	-118.22688	76	70	63"
"6/6/2017	60371103	1	17.8	ug/m3 LC	63	1	100	88101	PM2.5 - Local Conditions	31080	""Los Angeles-Long Beach-Anaheim"," CA""	6	California	37	Los Angeles	34.06659	-118.22688	73	69	64"
"6/7/2017	60371103	1	12.2	ug/m3 LC	51	1	100	88101	PM2.5 - Local Conditions	31080	""Los Angeles-Long Beach-Anaheim"," CA""	6	California	37	Los Angeles	34.06659	-118.22688	72	68	63"
"6/8/2017	60371103	1	5.4	ug/m3 LC	23	1	100	88101	PM2.5 - Local Conditions	31080	""Los Angeles-Long Beach-Anaheim"," CA""	6	California	37	Los Angeles	34.06659	-118.22688	70	66	61"
"6/9/2017	60371103	1	6	ug/m3 LC	25	1	100	88101	PM2.5 - Local Conditions	31080	""Los Angeles-Long Beach-Anaheim"," CA""	6	California	37	Los Angeles	34.06659	-118.22688	77	69	60"
"6/10/2017	60371103	1	5.5	ug/m3 LC	23	1	100	88101	PM2.5 - Local Conditions	31080	""Los Angeles-Long Beach-Anaheim"," CA""	6	California	37	Los Angeles	34.06659	-118.22688	75	69	63"
"6/11/2017	60371103	1	5.6	ug/m3 LC	23	1	100	88101	PM2.5 - Local Conditions	31080	""Los Angeles-Long Beach-Anaheim"," CA""	6	California	37	Los Angeles	34.06659	-118.22688	72	67	61"
"6/12/2017	60371103	1	8.3	ug/m3 LC	35	1	100	88101	PM2.5 - Local Conditions	31080	""Los Angeles-Long Beach-Anaheim"," CA""	6	California	37	Los Angeles	34.06659	-118.22688	74	67	60"
"6/13/2017	60371103	1	11.1	ug/m3 LC	46	1	100	88101	PM2.5 - Local Conditions	31080	""Los Angeles-Long Beach-Anaheim"," CA""	6	California	37	Los Angeles	34.06659	-118.22688	81	71	60"
"6/14/2017	60371103	1	14.8	ug/m3 LC	57	1	100	88101	PM2.5 - Local Conditions	31080	""Los Angeles-Long Beach-Anaheim"," CA""	6	California	37	Los Angeles	34.06659	-118.22688	85	74	62"
"6/15/2017	60371103	1	16.9	ug/m3 LC	61	1	100	88101	PM2.5 - Local Conditions	31080	""Los Angeles-Long Beach-Anaheim"," CA""	6	California	37	Los Angeles	34.06659	-118.22688	86	75	63"
"6/16/2017	60371103	1	14.8	ug/m3 LC	57	1	100	88101	PM2.5 - Local Conditions	31080	""Los Angeles-Long Beach-Anaheim"," CA""	6	California	37	Los Angeles	34.06659	-118.22688	88	76	64"
"6/17/2017	60371103	1	13.5	ug/m3 LC	54	1	100	88101	PM2.5 - Local Conditions	31080	""Los Angeles-Long Beach-Anaheim"," CA""	6	California	37	Los Angeles	34.06659	-118.22688	86	75	64"
"6/19/2017	60371103	1	11.9	ug/m3 LC	50	1	100	88101	PM2.5 - Local Conditions	31080	""Los Angeles-Long Beach-Anaheim"," CA""	6	California	37	Los Angeles	34.06659	-118.22688	84	74	63"
"6/20/2017	60371103	1	10.6	ug/m3 LC	44	1	100	88101	PM2.5 - Local Conditions	31080	""Los Angeles-Long Beach-Anaheim"," CA""	6	California	37	Los Angeles	34.06659	-118.22688	84	74	63"
"6/21/2017	60371103	1	12.9	ug/m3 LC	53	1	100	88101	PM2.5 - Local Conditions	31080	""Los Angeles-Long Beach-Anaheim"," CA""	6	California	37	Los Angeles	34.06659	-118.22688	82	73	64"
"6/22/2017	60371103	1	12.1	ug/m3 LC	51	1	100	88101	PM2.5 - Local Conditions	31080	""Los Angeles-Long Beach-Anaheim"," CA""	6	California	37	Los Angeles	34.06659	-118.22688	81	73	65"
"6/23/2017	60371103	1	10.6	ug/m3 LC	44	1	100	88101	PM2.5 - Local Conditions	31080	""Los Angeles-Long Beach-Anaheim"," CA""	6	California	37	Los Angeles	34.06659	-118.22688	78	71	64"
"6/24/2017	60371103	1	8.7	ug/m3 LC	36	1	100	88101	PM2.5 - Local Conditions	31080	""Los Angeles-Long Beach-Anaheim"," CA""	6	California	37	Los Angeles	34.06659	-118.22688	77	70	62"
"6/25/2017	60371103	1	13.2	ug/m3 LC	53	1	100	88101	PM2.5 - Local Conditions	31080	""Los Angeles-Long Beach-Anaheim"," CA""	6	California	37	Los Angeles	34.06659	-118.22688	88	76	64"
"6/26/2017	60371103	1	13.8	ug/m3 LC	55	1	100	88101	PM2.5 - Local Conditions	31080	""Los Angeles-Long Beach-Anaheim"," CA""	6	California	37	Los Angeles	34.06659	-118.22688	94	81	67"
"6/27/2017	60371103	1	10.7	ug/m3 LC	45	1	100	88101	PM2.5 - Local Conditions	31080	""Los Angeles-Long Beach-Anaheim"," CA""	6	California	37	Los Angeles	34.06659	-118.22688	89	77	64"
"6/28/2017	60371103	1	12.7	ug/m3 LC	52	1	100	88101	PM2.5 - Local Conditions	31080	""Los Angeles-Long Beach-Anaheim"," CA""	6	California	37	Los Angeles	34.06659	-118.22688	80	72	63"
"6/29/2017	60371103	1	26.6	ug/m3 LC	81	1	100	88101	PM2.5 - Local Conditions	31080	""Los Angeles-Long Beach-Anaheim"," CA""	6	California	37	Los Angeles	34.06659	-118.22688	78	71	64"
"6/30/2017	60371103	1	14	ug/m3 LC	55	1	100	88101	PM2.5 - Local Conditions	31080	""Los Angeles-Long Beach-Anaheim"," CA""	6	California	37	Los Angeles	34.06659	-118.22688	77	70	63"
"7/1/2017	60371103	1	16.4	ug/m3 LC	60	1	100	88101	PM2.5 - Local Conditions	31080	""Los Angeles-Long Beach-Anaheim"," CA""	6	California	37	Los Angeles	34.06659	-118.22688	75	69	63"
"7/2/2017	60371103	1	11.7	ug/m3 LC	49	1	100	88101	PM2.5 - Local Conditions	31080	""Los Angeles-Long Beach-Anaheim"," CA""	6	California	37	Los Angeles	34.06659	-118.22688	82	73	64"
"7/3/2017	60371103	1	12.6	ug/m3 LC	52	1	100	88101	PM2.5 - Local Conditions	31080	""Los Angeles-Long Beach-Anaheim"," CA""	6	California	37	Los Angeles	34.06659	-118.22688	84	74	63"
"7/4/2017	60371103	1	54.9	ug/m3 LC	149	1	100	88101	PM2.5 - Local Conditions	31080	""Los Angeles-Long Beach-Anaheim"," CA""	6	California	37	Los Angeles	34.06659	-118.22688	82	73	63"
"7/5/2017	60371103	1	22.3	ug/m3 LC	72	1	100	88101	PM2.5 - Local Conditions	31080	""Los Angeles-Long Beach-Anaheim"," CA""	6	California	37	Los Angeles	34.06659	-118.22688	86	75	64"
"7/6/2017	60371103	1	13.1	ug/m3 LC	53	1	100	88101	PM2.5 - Local Conditions	31080	""Los Angeles-Long Beach-Anaheim"," CA""	6	California	37	Los Angeles	34.06659	-118.22688	88	77	66"
"7/7/2017	60371103	1	17.2	ug/m3 LC	62	1	100	88101	PM2.5 - Local Conditions	31080	""Los Angeles-Long Beach-Anaheim"," CA""	6	California	37	Los Angeles	34.06659	-118.22688	96	82	68"
"7/8/2017	60371103	1	18.6	ug/m3 LC	65	1	100	88101	PM2.5 - Local Conditions	31080	""Los Angeles-Long Beach-Anaheim"," CA""	6	California	37	Los Angeles	34.06659	-118.22688	98	85	72"
"7/9/2017	60371103	1	16.1	ug/m3 LC	59	1	100	88101	PM2.5 - Local Conditions	31080	""Los Angeles-Long Beach-Anaheim"," CA""	6	California	37	Los Angeles	34.06659	-118.22688	96	84	72"
"7/10/2017	60371103	1	14	ug/m3 LC	55	1	100	88101	PM2.5 - Local Conditions	31080	""Los Angeles-Long Beach-Anaheim"," CA""	6	California	37	Los Angeles	34.06659	-118.22688	92	81	70"
"7/11/2017	60371103	1	8.4	ug/m3 LC	35	1	100	88101	PM2.5 - Local Conditions	31080	""Los Angeles-Long Beach-Anaheim"," CA""	6	California	37	Los Angeles	34.06659	-118.22688	86	77	68"
"7/12/2017	60371103	1	8.2	ug/m3 LC	34	1	100	88101	PM2.5 - Local Conditions	31080	""Los Angeles-Long Beach-Anaheim"," CA""	6	California	37	Los Angeles	34.06659	-118.22688	82	75	67"
"7/13/2017	60371103	1	10	ug/m3 LC	42	1	100	88101	PM2.5 - Local Conditions	31080	""Los Angeles-Long Beach-Anaheim"," CA""	6	California	37	Los Angeles	34.06659	-118.22688	83	75	66"
"7/14/2017	60371103	1	10	ug/m3 LC	42	1	100	88101	PM2.5 - Local Conditions	31080	""Los Angeles-Long Beach-Anaheim"," CA""	6	California	37	Los Angeles	34.06659	-118.22688	82	74	65"
"7/15/2017	60371103	1	14	ug/m3 LC	55	1	100	88101	PM2.5 - Local Conditions	31080	""Los Angeles-Long Beach-Anaheim"," CA""	6	California	37	Los Angeles	34.06659	-118.22688	89	78	66"
"7/16/2017	60371103	1	16.3	ug/m3 LC	60	1	100	88101	PM2.5 - Local Conditions	31080	""Los Angeles-Long Beach-Anaheim"," CA""	6	California	37	Los Angeles	34.06659	-118.22688	87	79	70"
"7/17/2017	60371103	1	15.6	ug/m3 LC	58	1	100	88101	PM2.5 - Local Conditions	31080	""Los Angeles-Long Beach-Anaheim"," CA""	6	California	37	Los Angeles	34.06659	-118.22688	86	78	69"
"7/18/2017	60371103	1	13.6	ug/m3 LC	54	1	100	88101	PM2.5 - Local Conditions	31080	""Los Angeles-Long Beach-Anaheim"," CA""	6	California	37	Los Angeles	34.06659	-118.22688	85	76	67"
"7/19/2017	60371103	1	13	ug/m3 LC	53	1	100	88101	PM2.5 - Local Conditions	31080	""Los Angeles-Long Beach-Anaheim"," CA""	6	California	37	Los Angeles	34.06659	-118.22688	86	77	67"
"7/20/2017	60371103	1	13.4	ug/m3 LC	54	1	100	88101	PM2.5 - Local Conditions	31080	""Los Angeles-Long Beach-Anaheim"," CA""	6	California	37	Los Angeles	34.06659	-118.22688	89	79	68"
"7/21/2017	60371103	1	14.4	ug/m3 LC	56	1	100	88101	PM2.5 - Local Conditions	31080	""Los Angeles-Long Beach-Anaheim"," CA""	6	California	37	Los Angeles	34.06659	-118.22688	85	76	67"
"7/22/2017	60371103	1	15.3	ug/m3 LC	58	1	100	88101	PM2.5 - Local Conditions	31080	""Los Angeles-Long Beach-Anaheim"," CA""	6	California	37	Los Angeles	34.06659	-118.22688	86	77	67"
"7/23/2017	60371103	1	13.1	ug/m3 LC	53	1	100	88101	PM2.5 - Local Conditions	31080	""Los Angeles-Long Beach-Anaheim"," CA""	6	California	37	Los Angeles	34.06659	-118.22688	86	77	68"
"7/24/2017	60371103	1	9.5	ug/m3 LC	40	1	100	88101	PM2.5 - Local Conditions	31080	""Los Angeles-Long Beach-Anaheim"," CA""	6	California	37	Los Angeles	34.06659	-118.22688	85	77	68"
"7/25/2017	60371103	1	6.5	ug/m3 LC	27	1	100	88101	PM2.5 - Local Conditions	31080	""Los Angeles-Long Beach-Anaheim"," CA""	6	California	37	Los Angeles	34.06659	-118.22688	82	75	68"
"7/26/2017	60371103	1	5.6	ug/m3 LC	23	1	100	88101	PM2.5 - Local Conditions	31080	""Los Angeles-Long Beach-Anaheim"," CA""	6	California	37	Los Angeles	34.06659	-118.22688	82	75	68"
"7/27/2017	60371103	1	7	ug/m3 LC	29	1	100	88101	PM2.5 - Local Conditions	31080	""Los Angeles-Long Beach-Anaheim"," CA""	6	California	37	Los Angeles	34.06659	-118.22688	83	75	67"
"7/28/2017	60371103	1	10.8	ug/m3 LC	45	1	100	88101	PM2.5 - Local Conditions	31080	""Los Angeles-Long Beach-Anaheim"," CA""	6	California	37	Los Angeles	34.06659	-118.22688	84	75	66"
"7/29/2017	60371103	1	12	ug/m3 LC	50	1	100	88101	PM2.5 - Local Conditions	31080	""Los Angeles-Long Beach-Anaheim"," CA""	6	California	37	Los Angeles	34.06659	-118.22688	86	77	67"
"7/30/2017	60371103	1	10	ug/m3 LC	42	1	100	88101	PM2.5 - Local Conditions	31080	""Los Angeles-Long Beach-Anaheim"," CA""	6	California	37	Los Angeles	34.06659	-118.22688	83	75	66"
"7/31/2017	60371103	1	10.7	ug/m3 LC	45	1	100	88101	PM2.5 - Local Conditions	31080	""Los Angeles-Long Beach-Anaheim"," CA""	6	California	37	Los Angeles	34.06659	-118.22688	82	74	66"
"8/1/2017	60371103	1	13.6	ug/m3 LC	54	1	100	88101	PM2.5 - Local Conditions	31080	""Los Angeles-Long Beach-Anaheim"," CA""	6	California	37	Los Angeles	34.06659	-118.22688	91	80	69"
"8/2/2017	60371103	1	14.5	ug/m3 LC	56	1	100	88101	PM2.5 - Local Conditions	31080	""Los Angeles-Long Beach-Anaheim"," CA""	6	California	37	Los Angeles	34.06659	-118.22688	93	84	74"
"8/3/2017	60371103	1	11.6	ug/m3 LC	48	1	100	88101	PM2.5 - Local Conditions	31080	""Los Angeles-Long Beach-Anaheim"," CA""	6	California	37	Los Angeles	34.06659	-118.22688	92	83	74"
"8/4/2017	60371103	1	8.1	ug/m3 LC	34	1	100	88101	PM2.5 - Local Conditions	31080	""Los Angeles-Long Beach-Anaheim"," CA""	6	California	37	Los Angeles	34.06659	-118.22688	86	79	71"
"8/5/2017	60371103	1	9.5	ug/m3 LC	40	1	100	88101	PM2.5 - Local Conditions	31080	""Los Angeles-Long Beach-Anaheim"," CA""	6	California	37	Los Angeles	34.06659	-118.22688	87	79	70"
"8/6/2017	60371103	1	9.5	ug/m3 LC	40	1	100	88101	PM2.5 - Local Conditions	31080	""Los Angeles-Long Beach-Anaheim"," CA""	6	California	37	Los Angeles	34.06659	-118.22688	83	76	68"
"8/7/2017	60371103	1	11.7	ug/m3 LC	49	1	100	88101	PM2.5 - Local Conditions	31080	""Los Angeles-Long Beach-Anaheim"," CA""	6	California	37	Los Angeles	34.06659	-118.22688	83	75	67"
"8/8/2017	60371103	1	16.3	ug/m3 LC	60	1	100	88101	PM2.5 - Local Conditions	31080	""Los Angeles-Long Beach-Anaheim"," CA""	6	California	37	Los Angeles	34.06659	-118.22688	87	78	68"
"8/9/2017	60371103	1	14.7	ug/m3 LC	56	1	100	88101	PM2.5 - Local Conditions	31080	""Los Angeles-Long Beach-Anaheim"," CA""	6	California	37	Los Angeles	34.06659	-118.22688	84	75	66"
"8/10/2017	60371103	1	13.7	ug/m3 LC	54	1	100	88101	PM2.5 - Local Conditions	31080	""Los Angeles-Long Beach-Anaheim"," CA""	6	California	37	Los Angeles	34.06659	-118.22688	85	76	67"
"8/11/2017	60371103	1	12.7	ug/m3 LC	52	1	100	88101	PM2.5 - Local Conditions	31080	""Los Angeles-Long Beach-Anaheim"," CA""	6	California	37	Los Angeles	34.06659	-118.22688	83	75	66"
"8/12/2017	60371103	1	18.2	ug/m3 LC	64	1	100	88101	PM2.5 - Local Conditions	31080	""Los Angeles-Long Beach-Anaheim"," CA""	6	California	37	Los Angeles	34.06659	-118.22688	85	75	65"
"8/13/2017	60371103	1	15.9	ug/m3 LC	59	1	100	88101	PM2.5 - Local Conditions	31080	""Los Angeles-Long Beach-Anaheim"," CA""	6	California	37	Los Angeles	34.06659	-118.22688	84	75	65"
"8/14/2017	60371103	1	12.9	ug/m3 LC	53	1	100	88101	PM2.5 - Local Conditions	31080	""Los Angeles-Long Beach-Anaheim"," CA""	6	California	37	Los Angeles	34.06659	-118.22688	81	74	66"
"8/15/2017	60371103	1	7.2	ug/m3 LC	30	1	100	88101	PM2.5 - Local Conditions	31080	""Los Angeles-Long Beach-Anaheim"," CA""	6	California	37	Los Angeles	34.06659	-118.22688	77	72	67"
"8/16/2017	60371103	1	9.6	ug/m3 LC	40	1	100	88101	PM2.5 - Local Conditions	31080	""Los Angeles-Long Beach-Anaheim"," CA""	6	California	37	Los Angeles	34.06659	-118.22688	80	74	67"
"8/17/2017	60371103	1	11.4	ug/m3 LC	48	1	100	88101	PM2.5 - Local Conditions	31080	""Los Angeles-Long Beach-Anaheim"," CA""	6	California	37	Los Angeles	34.06659	-118.22688	81	73	65"
"8/18/2017	60371103	1	10.4	ug/m3 LC	43	1	100	88101	PM2.5 - Local Conditions	31080	""Los Angeles-Long Beach-Anaheim"," CA""	6	California	37	Los Angeles	34.06659	-118.22688	81	73	65"
"8/19/2017	60371103	1	11.4	ug/m3 LC	48	1	100	88101	PM2.5 - Local Conditions	31080	""Los Angeles-Long Beach-Anaheim"," CA""	6	California	37	Los Angeles	34.06659	-118.22688	83	75	67"
"8/20/2017	60371103	1	10.6	ug/m3 LC	44	1	100	88101	PM2.5 - Local Conditions	31080	""Los Angeles-Long Beach-Anaheim"," CA""	6	California	37	Los Angeles	34.06659	-118.22688	82	75	68"
"8/21/2017	60371103	1	8.7	ug/m3 LC	36	1	100	88101	PM2.5 - Local Conditions	31080	""Los Angeles-Long Beach-Anaheim"," CA""	6	California	37	Los Angeles	34.06659	-118.22688	82	75	67"
"8/22/2017	60371103	1	10.1	ug/m3 LC	42	1	100	88101	PM2.5 - Local Conditions	31080	""Los Angeles-Long Beach-Anaheim"," CA""	6	California	37	Los Angeles	34.06659	-118.22688	82	74	66"
"8/23/2017	60371103	1	14.3	ug/m3 LC	56	1	100	88101	PM2.5 - Local Conditions	31080	""Los Angeles-Long Beach-Anaheim"," CA""	6	California	37	Los Angeles	34.06659	-118.22688	79	73	67"
"8/24/2017	60371103	1	16.6	ug/m3 LC	60	1	100	88101	PM2.5 - Local Conditions	31080	""Los Angeles-Long Beach-Anaheim"," CA""	6	California	37	Los Angeles	34.06659	-118.22688	79	74	68"
"8/25/2017	60371103	1	20.4	ug/m3 LC	68	1	100	88101	PM2.5 - Local Conditions	31080	""Los Angeles-Long Beach-Anaheim"," CA""	6	California	37	Los Angeles	34.06659	-118.22688	81	75	68"
"8/26/2017	60371103	1	16.3	ug/m3 LC	60	1	100	88101	PM2.5 - Local Conditions	31080	""Los Angeles-Long Beach-Anaheim"," CA""	6	California	37	Los Angeles	34.06659	-118.22688	87	78	68"
"8/27/2017	60371103	1	10.4	ug/m3 LC	43	1	100	88101	PM2.5 - Local Conditions	31080	""Los Angeles-Long Beach-Anaheim"," CA""	6	California	37	Los Angeles	34.06659	-118.22688	83	75	67"
"8/28/2017	60371103	1	16.1	ug/m3 LC	59	1	100	88101	PM2.5 - Local Conditions	31080	""Los Angeles-Long Beach-Anaheim"," CA""	6	California	37	Los Angeles	34.06659	-118.22688	88	78	67"
"8/29/2017	60371103	1	21.5	ug/m3 LC	71	1	100	88101	PM2.5 - Local Conditions	31080	""Los Angeles-Long Beach-Anaheim"," CA""	6	California	37	Los Angeles	34.06659	-118.22688	96	83	70"
"8/30/2017	60371103	1	18.9	ug/m3 LC	65	1	100	88101	PM2.5 - Local Conditions	31080	""Los Angeles-Long Beach-Anaheim"," CA""	6	California	37	Los Angeles	34.06659	-118.22688	92	82	71"
"8/31/2017	60371103	1	16.9	ug/m3 LC	61	1	100	88101	PM2.5 - Local Conditions	31080	""Los Angeles-Long Beach-Anaheim"," CA""	6	California	37	Los Angeles	34.06659	-118.22688	102	88	74"
"9/1/2017	60371103	1	16.6	ug/m3 LC	60	1	100	88101	PM2.5 - Local Conditions	31080	""Los Angeles-Long Beach-Anaheim"," CA""	6	California	37	Los Angeles	34.06659	-118.22688	102	89	76"
"9/2/2017	60371103	1	17.5	ug/m3 LC	62	1	100	88101	PM2.5 - Local Conditions	31080	""Los Angeles-Long Beach-Anaheim"," CA""	6	California	37	Los Angeles	34.06659	-118.22688	100	89	78"
"9/3/2017	60371103	1	12	ug/m3 LC	50	1	100	88101	PM2.5 - Local Conditions	31080	""Los Angeles-Long Beach-Anaheim"," CA""	6	California	37	Los Angeles	34.06659	-118.22688	99	88	76"
"9/4/2017	60371103	1	11	ug/m3 LC	46	1	100	88101	PM2.5 - Local Conditions	31080	""Los Angeles-Long Beach-Anaheim"," CA""	6	California	37	Los Angeles	34.06659	-118.22688	85	79	73"
"9/5/2017	60371103	1	11.6	ug/m3 LC	48	1	100	88101	PM2.5 - Local Conditions	31080	""Los Angeles-Long Beach-Anaheim"," CA""	6	California	37	Los Angeles	34.06659	-118.22688	83	77	71"
"9/6/2017	60371103	1	14.4	ug/m3 LC	56	1	100	88101	PM2.5 - Local Conditions	31080	""Los Angeles-Long Beach-Anaheim"," CA""	6	California	37	Los Angeles	34.06659	-118.22688	83	77	70"
"9/7/2017	60371103	1	16	ug/m3 LC	59	1	100	88101	PM2.5 - Local Conditions	31080	""Los Angeles-Long Beach-Anaheim"," CA""	6	California	37	Los Angeles	34.06659	-118.22688	86	77	67"
"9/8/2017	60371103	1	15.8	ug/m3 LC	59	1	100	88101	PM2.5 - Local Conditions	31080	""Los Angeles-Long Beach-Anaheim"," CA""	6	California	37	Los Angeles	34.06659	-118.22688	85	76	67"
"9/9/2017	60371103	1	13.2	ug/m3 LC	53	1	100	88101	PM2.5 - Local Conditions	31080	""Los Angeles-Long Beach-Anaheim"," CA""	6	California	37	Los Angeles	34.06659	-118.22688	83	75	67"
"9/10/2017	60371103	1	12.7	ug/m3 LC	52	1	100	88101	PM2.5 - Local Conditions	31080	""Los Angeles-Long Beach-Anaheim"," CA""	6	California	37	Los Angeles	34.06659	-118.22688	91	79	67"
"9/11/2017	60371103	1	13.2	ug/m3 LC	53	1	100	88101	PM2.5 - Local Conditions	31080	""Los Angeles-Long Beach-Anaheim"," CA""	6	California	37	Los Angeles	34.06659	-118.22688	93	82	71"
"9/12/2017	60371103	1	9.6	ug/m3 LC	40	1	100	88101	PM2.5 - Local Conditions	31080	""Los Angeles-Long Beach-Anaheim"," CA""	6	California	37	Los Angeles	34.06659	-118.22688	79	73	67"
"9/13/2017	60371103	1	8	ug/m3 LC	33	1	100	88101	PM2.5 - Local Conditions	31080	""Los Angeles-Long Beach-Anaheim"," CA""	6	California	37	Los Angeles	34.06659	-118.22688	78	72	66"
"9/14/2017	60371103	1	6.7	ug/m3 LC	28	1	100	88101	PM2.5 - Local Conditions	31080	""Los Angeles-Long Beach-Anaheim"," CA""	6	California	37	Los Angeles	34.06659	-118.22688	78	71	64"
"9/15/2017	60371103	1	7.6	ug/m3 LC	32	1	100	88101	PM2.5 - Local Conditions	31080	""Los Angeles-Long Beach-Anaheim"," CA""	6	California	37	Los Angeles	34.06659	-118.22688	78	72	66"
"9/16/2017	60371103	1	9.7	ug/m3 LC	40	1	100	88101	PM2.5 - Local Conditions	31080	""Los Angeles-Long Beach-Anaheim"," CA""	6	California	37	Los Angeles	34.06659	-118.22688	79	73	66"
"9/17/2017	60371103	1	10.5	ug/m3 LC	44	1	100	88101	PM2.5 - Local Conditions	31080	""Los Angeles-Long Beach-Anaheim"," CA""	6	California	37	Los Angeles	34.06659	-118.22688	76	71	66"
"9/18/2017	60371103	1	12	ug/m3 LC	50	1	100	88101	PM2.5 - Local Conditions	31080	""Los Angeles-Long Beach-Anaheim"," CA""	6	California	37	Los Angeles	34.06659	-118.22688	77	70	63"
"9/19/2017	60371103	1	9.7	ug/m3 LC	40	1	100	88101	PM2.5 - Local Conditions	31080	""Los Angeles-Long Beach-Anaheim"," CA""	6	California	37	Los Angeles	34.06659	-118.22688	76	72	68"
"9/20/2017	60371103	1	9	ug/m3 LC	38	1	100	88101	PM2.5 - Local Conditions	31080	""Los Angeles-Long Beach-Anaheim"," CA""	6	California	37	Los Angeles	34.06659	-118.22688	80	72	63"
"9/21/2017	60371103	1	7.6	ug/m3 LC	32	1	100	88101	PM2.5 - Local Conditions	31080	""Los Angeles-Long Beach-Anaheim"," CA""	6	California	37	Los Angeles	34.06659	-118.22688	73	69	64"
"9/22/2017	60371103	1	7.4	ug/m3 LC	31	1	100	88101	PM2.5 - Local Conditions	31080	""Los Angeles-Long Beach-Anaheim"," CA""	6	California	37	Los Angeles	34.06659	-118.22688	76	69	62"
"9/23/2017	60371103	1	8.8	ug/m3 LC	37	1	100	88101	PM2.5 - Local Conditions	31080	""Los Angeles-Long Beach-Anaheim"," CA""	6	California	37	Los Angeles	34.06659	-118.22688	76	69	61"
"9/24/2017	60371103	1	8.2	ug/m3 LC	34	1	100	88101	PM2.5 - Local Conditions	31080	""Los Angeles-Long Beach-Anaheim"," CA""	6	California	37	Los Angeles	34.06659	-118.22688	86	73	59"
"9/25/2017	60371103	1	6.4	ug/m3 LC	27	1	100	88101	PM2.5 - Local Conditions	31080	""Los Angeles-Long Beach-Anaheim"," CA""	6	California	37	Los Angeles	34.06659	-118.22688	88	75	61"
"9/26/2017	60371103	1	12.6	ug/m3 LC	52	1	100	88101	PM2.5 - Local Conditions	31080	""Los Angeles-Long Beach-Anaheim"," CA""	6	California	37	Los Angeles	34.06659	-118.22688	87	75	62"
"9/27/2017	60371103	1	14.5	ug/m3 LC	56	1	100	88101	PM2.5 - Local Conditions	31080	""Los Angeles-Long Beach-Anaheim"," CA""	6	California	37	Los Angeles	34.06659	-118.22688	86	74	62"
"9/28/2017	60371103	1	14.7	ug/m3 LC	56	1	100	88101	PM2.5 - Local Conditions	31080	""Los Angeles-Long Beach-Anaheim"," CA""	6	California	37	Los Angeles	34.06659	-118.22688	88	76	63"
"9/29/2017	60371103	1	13.8	ug/m3 LC	55	1	100	88101	PM2.5 - Local Conditions	31080	""Los Angeles-Long Beach-Anaheim"," CA""	6	California	37	Los Angeles	34.06659	-118.22688	89	77	64"
"9/30/2017	60371103	1	21.7	ug/m3 LC	71	1	100	88101	PM2.5 - Local Conditions	31080	""Los Angeles-Long Beach-Anaheim"," CA""	6	California	37	Los Angeles	34.06659	-118.22688	82	73	64"
"10/1/2017	60371103	1	12.7	ug/m3 LC	52	1	100	88101	PM2.5 - Local Conditions	31080	""Los Angeles-Long Beach-Anaheim"," CA""	6	California	37	Los Angeles	34.06659	-118.22688	78	72	66"
"10/2/2017	60371103	1	12.4	ug/m3 LC	52	1	100	88101	PM2.5 - Local Conditions	31080	""Los Angeles-Long Beach-Anaheim"," CA""	6	California	37	Los Angeles	34.06659	-118.22688	79	72	64"
"10/3/2017	60371103	1	12.5	ug/m3 LC	52	1	100	88101	PM2.5 - Local Conditions	31080	""Los Angeles-Long Beach-Anaheim"," CA""	6	California	37	Los Angeles	34.06659	-118.22688	78	71	64"
"10/4/2017	60371103	1	11.9	ug/m3 LC	50	1	100	88101	PM2.5 - Local Conditions	31080	""Los Angeles-Long Beach-Anaheim"," CA""	6	California	37	Los Angeles	34.06659	-118.22688	79	69	59"
"10/5/2017	60371103	1	13.8	ug/m3 LC	55	1	100	88101	PM2.5 - Local Conditions	31080	""Los Angeles-Long Beach-Anaheim"," CA""	6	California	37	Los Angeles	34.06659	-118.22688	85	72	59"
"10/6/2017	60371103	1	15.1	ug/m3 LC	57	1	100	88101	PM2.5 - Local Conditions	31080	""Los Angeles-Long Beach-Anaheim"," CA""	6	California	37	Los Angeles	34.06659	-118.22688	92	76	60"
"10/7/2017	60371103	1	11.2	ug/m3 LC	47	1	100	88101	PM2.5 - Local Conditions	31080	""Los Angeles-Long Beach-Anaheim"," CA""	6	California	37	Los Angeles	34.06659	-118.22688	96	80	63"
"10/8/2017	60371103	1	14.5	ug/m3 LC	56	1	100	88101	PM2.5 - Local Conditions	31080	""Los Angeles-Long Beach-Anaheim"," CA""	6	California	37	Los Angeles	34.06659	-118.22688	82	73	63"
"10/9/2017	60371103	1	15.2	ug/m3 LC	58	1	100	88101	PM2.5 - Local Conditions	31080	""Los Angeles-Long Beach-Anaheim"," CA""	6	California	37	Los Angeles	34.06659	-118.22688	87	76	65"
"10/10/2017	60371103	1	10.2	ug/m3 LC	43	1	100	88101	PM2.5 - Local Conditions	31080	""Los Angeles-Long Beach-Anaheim"," CA""	6	California	37	Los Angeles	34.06659	-118.22688	88	74	60"
"10/11/2017	60371103	1	15.3	ug/m3 LC	58	1	100	88101	PM2.5 - Local Conditions	31080	""Los Angeles-Long Beach-Anaheim"," CA""	6	California	37	Los Angeles	34.06659	-118.22688	76	69	62"
"10/12/2017	60371103	1	18.5	ug/m3 LC	64	1	100	88101	PM2.5 - Local Conditions	31080	""Los Angeles-Long Beach-Anaheim"," CA""	6	California	37	Los Angeles	34.06659	-118.22688	78	71	63"
"10/13/2017	60371103	1	23.2	ug/m3 LC	74	1	100	88101	PM2.5 - Local Conditions	31080	""Los Angeles-Long Beach-Anaheim"," CA""	6	California	37	Los Angeles	34.06659	-118.22688	78	69	59"
"10/14/2017	60371103	1	25.7	ug/m3 LC	80	1	100	88101	PM2.5 - Local Conditions	31080	""Los Angeles-Long Beach-Anaheim"," CA""	6	California	37	Los Angeles	34.06659	-118.22688	87	73	59"
"10/15/2017	60371103	1	13.3	ug/m3 LC	54	1	100	88101	PM2.5 - Local Conditions	31080	""Los Angeles-Long Beach-Anaheim"," CA""	6	California	37	Los Angeles	34.06659	-118.22688	96	79	62"
"10/16/2017	60371103	1	10.2	ug/m3 LC	43	1	100	88101	PM2.5 - Local Conditions	31080	""Los Angeles-Long Beach-Anaheim"," CA""	6	California	37	Los Angeles	34.06659	-118.22688	96	81	66"
"10/17/2017	60371103	1	12.9	ug/m3 LC	53	1	100	88101	PM2.5 - Local Conditions	31080	""Los Angeles-Long Beach-Anaheim"," CA""	6	California	37	Los Angeles	34.06659	-118.22688	94	80	66"
"10/18/2017	60371103	1	18.8	ug/m3 LC	65	1	100	88101	PM2.5 - Local Conditions	31080	""Los Angeles-Long Beach-Anaheim"," CA""	6	California	37	Los Angeles	34.06659	-118.22688	86	77	67"
"10/19/2017	60371103	1	21.7	ug/m3 LC	71	1	100	88101	PM2.5 - Local Conditions	31080	""Los Angeles-Long Beach-Anaheim"," CA""	6	California	37	Los Angeles	34.06659	-118.22688	78	71	64"
"10/20/2017	60371103	1	8.8	ug/m3 LC	37	1	100	88101	PM2.5 - Local Conditions	31080	""Los Angeles-Long Beach-Anaheim"," CA""	6	California	37	Los Angeles	34.06659	-118.22688	75	70	64"
"10/21/2017	60371103	1	9.9	ug/m3 LC	41	1	100	88101	PM2.5 - Local Conditions	31080	""Los Angeles-Long Beach-Anaheim"," CA""	6	California	37	Los Angeles	34.06659	-118.22688	78	69	60"
"10/22/2017	60371103	1	7.2	ug/m3 LC	30	1	100	88101	PM2.5 - Local Conditions	31080	""Los Angeles-Long Beach-Anaheim"," CA""	6	California	37	Los Angeles	34.06659	-118.22688	93	78	62"
"10/23/2017	60371103	1	7.9	ug/m3 LC	33	1	100	88101	PM2.5 - Local Conditions	31080	""Los Angeles-Long Beach-Anaheim"," CA""	6	California	37	Los Angeles	34.06659	-118.22688	102	85	67"
"10/24/2017	60371103	1	7.7	ug/m3 LC	32	1	100	88101	PM2.5 - Local Conditions	31080	""Los Angeles-Long Beach-Anaheim"," CA""	6	California	37	Los Angeles	34.06659	-118.22688	104	86	68"
"10/25/2017	60371103	1	8	ug/m3 LC	33	1	100	88101	PM2.5 - Local Conditions	31080	""Los Angeles-Long Beach-Anaheim"," CA""	6	California	37	Los Angeles	34.06659	-118.22688	100	85	69"
"10/26/2017	60371103	1	11.8	ug/m3 LC	49	1	100	88101	PM2.5 - Local Conditions	31080	""Los Angeles-Long Beach-Anaheim"," CA""	6	California	37	Los Angeles	34.06659	-118.22688	93	80	66"
"10/27/2017	60371103	1	15.4	ug/m3 LC	58	1	100	88101	PM2.5 - Local Conditions	31080	""Los Angeles-Long Beach-Anaheim"," CA""	6	California	37	Los Angeles	34.06659	-118.22688	86	75	63"
"10/28/2017	60371103	1	27	ug/m3 LC	82	1	100	88101	PM2.5 - Local Conditions	31080	""Los Angeles-Long Beach-Anaheim"," CA""	6	California	37	Los Angeles	34.06659	-118.22688	80	71	62"
"10/29/2017	60371103	1	36.3	ug/m3 LC	103	1	100	88101	PM2.5 - Local Conditions	31080	""Los Angeles-Long Beach-Anaheim"," CA""	6	California	37	Los Angeles	34.06659	-118.22688	73	68	62"
"10/30/2017	60371103	1	9.2	ug/m3 LC	38	1	100	88101	PM2.5 - Local Conditions	31080	""Los Angeles-Long Beach-Anaheim"," CA""	6	California	37	Los Angeles	34.06659	-118.22688	69	67	64"
"10/31/2017	60371103	1	6.2	ug/m3 LC	26	1	100	88101	PM2.5 - Local Conditions	31080	""Los Angeles-Long Beach-Anaheim"," CA""	6	California	37	Los Angeles	34.06659	-118.22688	69	66	63"
"11/1/2017	60371103	1	5.3	ug/m3 LC	22	1	100	88101	PM2.5 - Local Conditions	31080	""Los Angeles-Long Beach-Anaheim"," CA""	6	California	37	Los Angeles	34.06659	-118.22688	72	68	63"
"11/2/2017	60371103	1	3.5	ug/m3 LC	15	1	100	88101	PM2.5 - Local Conditions	31080	""Los Angeles-Long Beach-Anaheim"," CA""	6	California	37	Los Angeles	34.06659	-118.22688	68	64	59"
"11/3/2017	60371103	1	6.4	ug/m3 LC	27	1	100	88101	PM2.5 - Local Conditions	31080	""Los Angeles-Long Beach-Anaheim"," CA""	6	California	37	Los Angeles	34.06659	-118.22688	71	65	59"
"11/4/2017	60371103	1	7	ug/m3 LC	29	1	100	88101	PM2.5 - Local Conditions	31080	""Los Angeles-Long Beach-Anaheim"," CA""	6	California	37	Los Angeles	34.06659	-118.22688	72	65	57"
"11/5/2017	60371103	1	5.1	ug/m3 LC	21	1	100	88101	PM2.5 - Local Conditions	31080	""Los Angeles-Long Beach-Anaheim"," CA""	6	California	37	Los Angeles	34.06659	-118.22688	70	65	59"
"11/6/2017	60371103	1	6.3	ug/m3 LC	26	1	100	88101	PM2.5 - Local Conditions	31080	""Los Angeles-Long Beach-Anaheim"," CA""	6	California	37	Los Angeles	34.06659	-118.22688	73	66	58"
"11/7/2017	60371103	1	7.3	ug/m3 LC	30	1	100	88101	PM2.5 - Local Conditions	31080	""Los Angeles-Long Beach-Anaheim"," CA""	6	California	37	Los Angeles	34.06659	-118.22688	76	68	59"
"11/8/2017	60371103	1	6.3	ug/m3 LC	26	1	100	88101	PM2.5 - Local Conditions	31080	""Los Angeles-Long Beach-Anaheim"," CA""	6	California	37	Los Angeles	34.06659	-118.22688	77	67	56"
"11/9/2017	60371103	1	4.3	ug/m3 LC	18	1	100	88101	PM2.5 - Local Conditions	31080	""Los Angeles-Long Beach-Anaheim"," CA""	6	California	37	Los Angeles	34.06659	-118.22688	72	66	60"
"11/10/2017	60371103	1	6.7	ug/m3 LC	28	1	100	88101	PM2.5 - Local Conditions	31080	""Los Angeles-Long Beach-Anaheim"," CA""	6	California	37	Los Angeles	34.06659	-118.22688	71	65	58"
"11/11/2017	60371103	1	12.5	ug/m3 LC	52	1	100	88101	PM2.5 - Local Conditions	31080	""Los Angeles-Long Beach-Anaheim"," CA""	6	California	37	Los Angeles	34.06659	-118.22688	73	64	54"
"11/12/2017	60371103	1	25.6	ug/m3 LC	79	1	100	88101	PM2.5 - Local Conditions	31080	""Los Angeles-Long Beach-Anaheim"," CA""	6	California	37	Los Angeles	34.06659	-118.22688	69	62	55"
"11/13/2017	60371103	1	20	ug/m3 LC	68	1	100	88101	PM2.5 - Local Conditions	31080	""Los Angeles-Long Beach-Anaheim"," CA""	6	California	37	Los Angeles	34.06659	-118.22688	73	63	53"
"11/14/2017	60371103	1	15.7	ug/m3 LC	59	1	100	88101	PM2.5 - Local Conditions	31080	""Los Angeles-Long Beach-Anaheim"," CA""	6	California	37	Los Angeles	34.06659	-118.22688	78	66	53"
"11/15/2017	60371103	1	19.5	ug/m3 LC	67	1	100	88101	PM2.5 - Local Conditions	31080	""Los Angeles-Long Beach-Anaheim"," CA""	6	California	37	Los Angeles	34.06659	-118.22688	79	68	56"
"11/16/2017	60371103	1	14.6	ug/m3 LC	56	1	100	88101	PM2.5 - Local Conditions	31080	""Los Angeles-Long Beach-Anaheim"," CA""	6	California	37	Los Angeles	34.06659	-118.22688	78	69	59"
"11/17/2017	60371103	1	6.1	ug/m3 LC	25	1	100	88101	PM2.5 - Local Conditions	31080	""Los Angeles-Long Beach-Anaheim"," CA""	6	California	37	Los Angeles	34.06659	-118.22688	73	67	61"
"11/18/2017	60371103	1	6.4	ug/m3 LC	27	1	100	88101	PM2.5 - Local Conditions	31080	""Los Angeles-Long Beach-Anaheim"," CA""	6	California	37	Los Angeles	34.06659	-118.22688	78	67	55"
"11/19/2017	60371103	1	6.8	ug/m3 LC	28	1	100	88101	PM2.5 - Local Conditions	31080	""Los Angeles-Long Beach-Anaheim"," CA""	6	California	37	Los Angeles	34.06659	-118.22688	77	66	55"
"11/20/2017	60371103	1	11.8	ug/m3 LC	49	1	100	88101	PM2.5 - Local Conditions	31080	""Los Angeles-Long Beach-Anaheim"," CA""	6	California	37	Los Angeles	34.06659	-118.22688	73	62	50"
"11/21/2017	60371103	1	11.4	ug/m3 LC	48	1	100	88101	PM2.5 - Local Conditions	31080	""Los Angeles-Long Beach-Anaheim"," CA""	6	California	37	Los Angeles	34.06659	-118.22688	88	73	58"
"11/22/2017	60371103	1	6.4	ug/m3 LC	27	1	100	88101	PM2.5 - Local Conditions	31080	""Los Angeles-Long Beach-Anaheim"," CA""	6	California	37	Los Angeles	34.06659	-118.22688	93	78	62"
"11/23/2017	60371103	1	7.5	ug/m3 LC	31	1	100	88101	PM2.5 - Local Conditions	31080	""Los Angeles-Long Beach-Anaheim"," CA""	6	California	37	Los Angeles	34.06659	-118.22688	92	78	64"
"11/24/2017	60371103	1	14.8	ug/m3 LC	57	1	100	88101	PM2.5 - Local Conditions	31080	""Los Angeles-Long Beach-Anaheim"," CA""	6	California	37	Los Angeles	34.06659	-118.22688	84	72	59"
"11/25/2017	60371103	1	19.8	ug/m3 LC	67	1	100	88101	PM2.5 - Local Conditions	31080	""Los Angeles-Long Beach-Anaheim"," CA""	6	California	37	Los Angeles	34.06659	-118.22688	83	71	58"
"11/26/2017	60371103	1	36.8	ug/m3 LC	104	1	100	88101	PM2.5 - Local Conditions	31080	""Los Angeles-Long Beach-Anaheim"," CA""	6	California	37	Los Angeles	34.06659	-118.22688	71	65	58"
"11/27/2017	60371103	1	15.4	ug/m3 LC	58	1	100	88101	PM2.5 - Local Conditions	31080	""Los Angeles-Long Beach-Anaheim"," CA""	6	California	37	Los Angeles	34.06659	-118.22688	68	61	54"
"11/28/2017	60371103	1	9.3	ug/m3 LC	39	1	100	88101	PM2.5 - Local Conditions	31080	""Los Angeles-Long Beach-Anaheim"," CA""	6	California	37	Los Angeles	34.06659	-118.22688	76	63	49"
"11/29/2017	60371103	1	12.1	ug/m3 LC	51	1	100	88101	PM2.5 - Local Conditions	31080	""Los Angeles-Long Beach-Anaheim"," CA""	6	California	37	Los Angeles	34.06659	-118.22688	75	64	52"
"11/30/2017	60371103	1	14.2	ug/m3 LC	55	1	100	88101	PM2.5 - Local Conditions	31080	""Los Angeles-Long Beach-Anaheim"," CA""	6	California	37	Los Angeles	34.06659	-118.22688	76	64	51"
"12/1/2017	60371103	1	14.1	ug/m3 LC	55	1	100	88101	PM2.5 - Local Conditions	31080	""Los Angeles-Long Beach-Anaheim"," CA""	6	California	37	Los Angeles	34.06659	-118.22688	74	63	52"
"12/2/2017	60371103	1	14.9	ug/m3 LC	57	1	100	88101	PM2.5 - Local Conditions	31080	""Los Angeles-Long Beach-Anaheim"," CA""	6	California	37	Los Angeles	34.06659	-118.22688	76	64	51"
"12/3/2017	60371103	1	19.7	ug/m3 LC	67	1	100	88101	PM2.5 - Local Conditions	31080	""Los Angeles-Long Beach-Anaheim"," CA""	6	California	37	Los Angeles	34.06659	-118.22688	69	61	52"
"12/4/2017	60371103	1	11.2	ug/m3 LC	47	1	100	88101	PM2.5 - Local Conditions	31080	""Los Angeles-Long Beach-Anaheim"," CA""	6	California	37	Los Angeles	34.06659	-118.22688	72	62	51"
"12/5/2017	60371103	1	8.2	ug/m3 LC	34	1	100	88101	PM2.5 - Local Conditions	31080	""Los Angeles-Long Beach-Anaheim"," CA""	6	California	37	Los Angeles	34.06659	-118.22688	71	58	45"
"12/6/2017	60371103	1	20.9	ug/m3 LC	70	1	100	88101	PM2.5 - Local Conditions	31080	""Los Angeles-Long Beach-Anaheim"," CA""	6	California	37	Los Angeles	34.06659	-118.22688	75	60	44"
"12/7/2017	60371103	1	10.2	ug/m3 LC	43	1	100	88101	PM2.5 - Local Conditions	31080	""Los Angeles-Long Beach-Anaheim"," CA""	6	California	37	Los Angeles	34.06659	-118.22688	78	62	46"
"12/8/2017	60371103	1	11.2	ug/m3 LC	47	1	100	88101	PM2.5 - Local Conditions	31080	""Los Angeles-Long Beach-Anaheim"," CA""	6	California	37	Los Angeles	34.06659	-118.22688	78	63	48"
"12/9/2017	60371103	1	10.6	ug/m3 LC	44	1	100	88101	PM2.5 - Local Conditions	31080	""Los Angeles-Long Beach-Anaheim"," CA""	6	California	37	Los Angeles	34.06659	-118.22688	83	67	50"
"12/10/2017	60371103	1	9.1	ug/m3 LC	38	1	100	88101	PM2.5 - Local Conditions	31080	""Los Angeles-Long Beach-Anaheim"," CA""	6	California	37	Los Angeles	34.06659	-118.22688	82	66	50"
"12/11/2017	60371103	1	9.8	ug/m3 LC	41	1	100	88101	PM2.5 - Local Conditions	31080	""Los Angeles-Long Beach-Anaheim"," CA""	6	California	37	Los Angeles	34.06659	-118.22688	80	67	53"
"12/12/2017	60371103	1	10	ug/m3 LC	42	1	100	88101	PM2.5 - Local Conditions	31080	""Los Angeles-Long Beach-Anaheim"," CA""	6	California	37	Los Angeles	34.06659	-118.22688	83	68	53"
"12/13/2017	60371103	1	11.9	ug/m3 LC	50	1	100	88101	PM2.5 - Local Conditions	31080	""Los Angeles-Long Beach-Anaheim"," CA""	6	California	37	Los Angeles	34.06659	-118.22688	81	65	49"
"12/14/2017	60371103	1	23.3	ug/m3 LC	75	1	100	88101	PM2.5 - Local Conditions	31080	""Los Angeles-Long Beach-Anaheim"," CA""	6	California	37	Los Angeles	34.06659	-118.22688	76	62	48"
"12/15/2017	60371103	1	14.5	ug/m3 LC	56	1	100	88101	PM2.5 - Local Conditions	31080	""Los Angeles-Long Beach-Anaheim"," CA""	6	California	37	Los Angeles	34.06659	-118.22688	81	66	50"
"12/16/2017	60371103	1	21.9	ug/m3 LC	72	1	100	88101	PM2.5 - Local Conditions	31080	""Los Angeles-Long Beach-Anaheim"," CA""	6	California	37	Los Angeles	34.06659	-118.22688	67	60	52"
"12/17/2017	60371103	1	9.9	ug/m3 LC	41	1	100	88101	PM2.5 - Local Conditions	31080	""Los Angeles-Long Beach-Anaheim"," CA""	6	California	37	Los Angeles	34.06659	-118.22688	72	60	48"
"12/18/2017	60371103	1	7.9	ug/m3 LC	33	1	100	88101	PM2.5 - Local Conditions	31080	""Los Angeles-Long Beach-Anaheim"," CA""	6	California	37	Los Angeles	34.06659	-118.22688	72	61	50"
"12/19/2017	60371103	1	17.2	ug/m3 LC	62	1	100	88101	PM2.5 - Local Conditions	31080	""Los Angeles-Long Beach-Anaheim"," CA""	6	California	37	Los Angeles	34.06659	-118.22688	69	58	47"
"12/20/2017	60371103	1	13.3	ug/m3 LC	54	1	100	88101	PM2.5 - Local Conditions	31080	""Los Angeles-Long Beach-Anaheim"," CA""	6	California	37	Los Angeles	34.06659	-118.22688	60	54	47"
"12/21/2017	60371103	1	7.2	ug/m3 LC	30	1	100	88101	PM2.5 - Local Conditions	31080	""Los Angeles-Long Beach-Anaheim"," CA""	6	California	37	Los Angeles	34.06659	-118.22688	63	54	44"
"12/22/2017	60371103	1	10.1	ug/m3 LC	42	1	100	88101	PM2.5 - Local Conditions	31080	""Los Angeles-Long Beach-Anaheim"," CA""	6	California	37	Los Angeles	34.06659	-118.22688	65	53	40"
"12/23/2017	60371103	1	12.7	ug/m3 LC	52	1	100	88101	PM2.5 - Local Conditions	31080	""Los Angeles-Long Beach-Anaheim"," CA""	6	California	37	Los Angeles	34.06659	-118.22688	66	57	47"
"12/24/2017	60371103	1	20.9	ug/m3 LC	70	1	100	88101	PM2.5 - Local Conditions	31080	""Los Angeles-Long Beach-Anaheim"," CA""	6	California	37	Los Angeles	34.06659	-118.22688	74	60	45"
"12/25/2017	60371103	1	46.9	ug/m3 LC	129	1	100	88101	PM2.5 - Local Conditions	31080	""Los Angeles-Long Beach-Anaheim"," CA""	6	California	37	Los Angeles	34.06659	-118.22688	69	57	45"
"12/27/2017	60371103	1	37	ug/m3 LC	105	1	100	88101	PM2.5 - Local Conditions	31080	""Los Angeles-Long Beach-Anaheim"," CA""	6	California	37	Los Angeles	34.06659	-118.22688	76	61	46"
"12/28/2017	60371103	1	17.3	ug/m3 LC	62	1	100	88101	PM2.5 - Local Conditions	31080	""Los Angeles-Long Beach-Anaheim"," CA""	6	California	37	Los Angeles	34.06659	-118.22688	79	63	47"
"12/29/2017	60371103	1	11.6	ug/m3 LC	48	1	100	88101	PM2.5 - Local Conditions	31080	""Los Angeles-Long Beach-Anaheim"," CA""	6	California	37	Los Angeles	34.06659	-118.22688	83	68	52"
"12/30/2017	60371103	1	30.9	ug/m3 LC	91	1	100	88101	PM2.5 - Local Conditions	31080	""Los Angeles-Long Beach-Anaheim"," CA""	6	California	37	Los Angeles	34.06659	-118.22688	73	61	48"
"12/31/2017	60371103	1	49.2	ug/m3 LC	135	1	100	88101	PM2.5 - Local Conditions	31080	""Los Angeles-Long Beach-Anaheim"," CA""	6	California	37	Los Angeles	34.06659	-118.22688	69	59	49"
